epoch,test_acc,step
0,0.9327651858329773,0
0,0.9210526347160339,0
